url,label,labeler,labeled_at_ts,http_status,http_error,final_url,n_redirects,saas_interior,synthetic_patterns,recommendation,recommendation_reason
https://www.expensify.com/help/expense-reports,TASK_COMPLETION,operator-via-claude,1777759334.95644,404,,https://help.expensify.com/expense-reports,1,False,,REPLACE,http_404 (page not found)
https://www.concur.com/help/expense-reports,TASK_COMPLETION,operator-via-claude,1777759334.951454,404,,https://www.concur.com/help/expense-reports?&cookie_preferences=cpra,1,False,,REPLACE,http_404 (page not found)
https://use.expensify.com/expense-approval-workflow,TASK_COMPLETION,operator-via-claude,1777759334.946259,404,,https://use.expensify.com/expense-approval-workflow,0,True,,REPLACE,saas_interior_subdomain (not in bid stream)
https://www.concur.com/expense-management,TASK_COMPLETION,operator-via-claude,1777759334.9405062,200,,https://www.concur.com/products/concur-expense?cookie_preferences=cpra,2,False,,KEEP,http_200
https://clickup.com/templates/expense-report,TASK_COMPLETION,operator-via-claude,1777759334.935207,200,,https://clickup.com/templates,1,False,,KEEP,http_200
https://www.notion.so/templates/expense-tracker,TASK_COMPLETION,operator-via-claude,1777759334.9305332,200,,https://www.notion.so/templates/expense-tracker,0,False,,KEEP,http_200
https://www.cntraveler.com/galleries/best-rooftop-bars-new-york,LEISURE_BROWSING,operator-via-claude,1777759334.924429,404,,https://www.cntraveler.com/galleries/best-rooftop-bars-new-york,0,False,,REPLACE,http_404 (page not found)
https://www.afar.com/magazine/best-of-the-world,LEISURE_BROWSING,operator-via-claude,1777759334.9186099,404,,https://www.afar.com/magazine/best-of-the-world,0,False,,REPLACE,http_404 (page not found)
https://www.travelandleisure.com/worlds-best/airlines,LEISURE_BROWSING,operator-via-claude,1777759334.9124029,404,,https://www.travelandleisure.com/worlds-best/airlines,0,False,,REPLACE,http_404 (page not found)
https://www.travelandleisure.com/worlds-best/hotels,LEISURE_BROWSING,operator-via-claude,1777759334.906501,404,,https://www.travelandleisure.com/worlds-best/hotels,0,False,,REPLACE,http_404 (page not found)
https://www.travelandleisure.com/worlds-best/cities,LEISURE_BROWSING,operator-via-claude,1777759334.900507,200,,https://www.travelandleisure.com/worlds-best/cities,0,False,,KEEP,http_200
https://www.travelandleisure.com/worlds-best,LEISURE_BROWSING,operator-via-claude,1777759334.8943858,200,,https://www.travelandleisure.com/worlds-best,0,False,,KEEP,http_200
https://www.cntraveler.com/galleries/best-hotels-in-the-world,LEISURE_BROWSING,operator-via-claude,1777759334.888386,404,,https://www.cntraveler.com/galleries/best-hotels-in-the-world,0,False,,REPLACE,http_404 (page not found)
https://www.cntraveler.com/story/best-luxury-resorts-2025,LEISURE_BROWSING,operator-via-claude,1777759334.882545,404,,https://www.cntraveler.com/story/best-luxury-resorts-2025,0,False,,REPLACE,http_404 (page not found)
https://www.cntraveler.com/galleries/best-restaurants-paris,LEISURE_BROWSING,operator-via-claude,1777759334.877204,404,,https://www.cntraveler.com/galleries/best-restaurants-paris,0,False,,REPLACE,http_404 (page not found)
https://www.kayak.com/explore,LEISURE_BROWSING,operator-via-claude,1777759334.871424,200,,https://www.kayak.com/explore,0,False,,KEEP,http_200
https://www.bloomberg.com/news/topics/work-shift,SOCIAL_CONSUMPTION,operator-via-claude,1777759334.8662632,403,,https://www.bloomberg.com/news/topics/work-shift,0,False,,REVIEW,http_403 (auth/anti-bot — verify by hand)
https://www.bloomberg.com/news/topics/leadership,SOCIAL_CONSUMPTION,operator-via-claude,1777759334.861353,403,,https://www.bloomberg.com/news/topics/leadership,0,False,,REVIEW,http_403 (auth/anti-bot — verify by hand)
https://www.bloomberg.com/news/topics/wealth,SOCIAL_CONSUMPTION,operator-via-claude,1777759334.856384,403,,https://www.bloomberg.com/news/topics/wealth,0,False,,REVIEW,http_403 (auth/anti-bot — verify by hand)
https://www.bloomberg.com/news/topics/technology,SOCIAL_CONSUMPTION,operator-via-claude,1777759334.850602,403,,https://www.bloomberg.com/news/topics/technology,0,False,,REVIEW,http_403 (auth/anti-bot — verify by hand)
https://www.bloomberg.com/news/newsletters/2025-03-22/bw-daily,SOCIAL_CONSUMPTION,operator-via-claude,1777759334.844383,403,,https://www.bloomberg.com/news/newsletters/2025-03-22/bw-daily,0,False,,REVIEW,http_403 (auth/anti-bot — verify by hand)
https://www.bloomberg.com/news/newsletters/2025-02-15/bloomberg-evening-briefing,SOCIAL_CONSUMPTION,operator-via-claude,1777759334.838379,403,,https://www.bloomberg.com/news/newsletters/2025-02-15/bloomberg-evening-briefing,0,False,,REVIEW,http_403 (auth/anti-bot — verify by hand)
https://www.bloomberg.com/news/newsletters/2025-01-20/five-things-to-start-your-day,SOCIAL_CONSUMPTION,operator-via-claude,1777759334.8334138,403,,https://www.bloomberg.com/news/newsletters/2025-01-20/five-things-to-start-your-day,0,False,,REVIEW,http_403 (auth/anti-bot — verify by hand)
https://www.bloomberg.com/news/businessweek,SOCIAL_CONSUMPTION,operator-via-claude,1777759334.8283148,403,,https://www.bloomberg.com/news/businessweek,0,False,,REVIEW,http_403 (auth/anti-bot — verify by hand)
https://www.bloomberg.com/news/markets,SOCIAL_CONSUMPTION,operator-via-claude,1777759334.822614,403,,https://www.bloomberg.com/news/markets,0,False,,REVIEW,http_403 (auth/anti-bot — verify by hand)
https://www.bloomberg.com/news/economics,SOCIAL_CONSUMPTION,operator-via-claude,1777759334.817179,403,,https://www.bloomberg.com/news/economics,0,False,,REVIEW,http_403 (auth/anti-bot — verify by hand)
https://www.bloomberg.com/news/articles/2025-05-30/sap-concur-bookings-q1,SOCIAL_CONSUMPTION,operator-via-claude,1777759334.8121998,403,,https://www.bloomberg.com/news/articles/2025-05-30/sap-concur-bookings-q1,0,False,,REVIEW,http_403 (auth/anti-bot — verify by hand)
https://www.reddit.com/r/smallbusiness/,SOCIAL_CONSUMPTION,operator-via-claude,1777759334.807019,200,,https://www.reddit.com/r/smallbusiness/,0,False,,KEEP,http_200
https://www.reddit.com/r/Entrepreneur/,SOCIAL_CONSUMPTION,operator-via-claude,1777759334.801096,200,,https://www.reddit.com/r/Entrepreneur/,0,False,,KEEP,http_200
https://www.reddit.com/r/financialindependence/,SOCIAL_CONSUMPTION,operator-via-claude,1777759334.796294,200,,https://www.reddit.com/r/financialindependence/,0,False,,KEEP,http_200
https://www.reddit.com/r/finance/,SOCIAL_CONSUMPTION,operator-via-claude,1777759334.787348,200,,https://www.reddit.com/r/finance/,0,False,,KEEP,http_200
https://www.reddit.com/r/personalfinance/,SOCIAL_CONSUMPTION,operator-via-claude,1777759334.781758,200,,https://www.reddit.com/r/personalfinance/,0,False,,KEEP,http_200
https://www.reddit.com/r/cscareerquestions/comments/managing-up/,SOCIAL_CONSUMPTION,operator-via-claude,1777759334.7762592,200,,https://www.reddit.com/r/cscareerquestions/comments/managing-up/,0,False,,KEEP,http_200
https://www.reddit.com/r/cscareerquestions/,SOCIAL_CONSUMPTION,operator-via-claude,1777759334.77107,200,,https://www.reddit.com/r/cscareerquestions/,0,False,,KEEP,http_200
https://www.reddit.com/r/digitalnomad/,SOCIAL_CONSUMPTION,operator-via-claude,1777759334.766283,200,,https://www.reddit.com/r/digitalnomad/,0,False,,KEEP,http_200
https://www.reddit.com/r/businesstravel/,SOCIAL_CONSUMPTION,operator-via-claude,1777759334.761131,200,,https://www.reddit.com/r/businesstravel/,0,False,,KEEP,http_200
https://www.businessinsider.com/transportation/airlines,SOCIAL_CONSUMPTION,operator-via-claude,1777759334.755761,404,,https://www.businessinsider.com/transportation/airlines,0,False,,REPLACE,http_404 (page not found)
https://www.businessinsider.com/transportation,SOCIAL_CONSUMPTION,operator-via-claude,1777759334.7501462,200,,https://www.businessinsider.com/transportation,0,False,,KEEP,http_200
https://www.kayak.com/cars/JFK/2025-12-15-12:00/2025-12-18-12:00,TRANSACTIONAL_COMPARISON,operator-via-claude,1777759334.745225,200,,https://www.kayak.com/cars,1,False,,KEEP,http_200
https://www.hotels.com/de1632789/hotels-new-york-united-states-of-america/,TRANSACTIONAL_COMPARISON,operator-via-claude,1777759334.740139,429,,https://www.hotels.com/de1632789/hotels-new-york-united-states-of-america/,0,False,placeholder_de1632789,REPLACE,synthetic_pattern: placeholder_de1632789
https://www.kayak.com/hotels/Tokyo/2025-11-20/2025-11-25,TRANSACTIONAL_COMPARISON,operator-via-claude,1777759334.735302,200,,https://www.kayak.com/hotels/Tokyo-c21033/2025-11-20/2025-11-25/1adults;map,1,False,,KEEP,http_200
https://www.kayak.com/hotels/London/2025-12-20/2025-12-23,TRANSACTIONAL_COMPARISON,operator-via-claude,1777759334.730064,200,,https://www.kayak.com/hotels/London-c28501/2025-12-20/2025-12-23/1adults;map,1,False,,KEEP,http_200
https://www.kayak.com/flights/DFW-NRT/2025-12-03,TRANSACTIONAL_COMPARISON,operator-via-claude,1777759334.725318,200,,https://www.kayak.com/flights?fid=&adults=1&cabin=e&oneway=y&depart_date=12%2F3%2F2025&depart_time=a&origincode=DFW%2F16406&origin=DFW&destcode=NRT%2F21033&destination=NRT&action=doflights&errorOccurred=true,1,False,synthetic_kayak_dates,REPLACE,synthetic_pattern: synthetic_kayak_dates
https://www.kayak.com/flights/EWR-FRA/2026-01-12,TRANSACTIONAL_COMPARISON,operator-via-claude,1777759334.72014,200,,https://www.kayak.com/flights?fid=&adults=1&cabin=e&oneway=y&depart_date=01%2F12%2F2026&depart_time=a&origincode=EWR%2F8252&origin=EWR&destcode=FRA%2F26939&destination=FRA&action=doflights&errorOccurred=true,1,False,synthetic_kayak_dates,REPLACE,synthetic_pattern: synthetic_kayak_dates
https://www.kayak.com/flights/LAX-LHR/2025-09-30,TRANSACTIONAL_COMPARISON,operator-via-claude,1777759334.715277,200,,https://www.kayak.com/flights?fid=&adults=1&cabin=e&oneway=y&depart_date=09%2F30%2F2025&depart_time=a&origincode=LAX%2F16078&origin=LAX&destcode=LHR%2F28501&destination=LHR&action=doflights&errorOccurred=true,1,False,synthetic_kayak_dates,REPLACE,synthetic_pattern: synthetic_kayak_dates
https://www.kayak.com/flights/ORD-CDG/2025-10-08,TRANSACTIONAL_COMPARISON,operator-via-claude,1777759334.7103639,200,,https://www.kayak.com/flights?fid=&adults=1&cabin=e&oneway=y&depart_date=10%2F8%2F2025&depart_time=a&origincode=ORD%2F12514&origin=ORD&destcode=CDG%2F36014&destination=CDG&action=doflights&errorOccurred=true,1,False,synthetic_kayak_dates,REPLACE,synthetic_pattern: synthetic_kayak_dates
https://www.kayak.com/flights/SFO-NRT/2025-11-20,TRANSACTIONAL_COMPARISON,operator-via-claude,1777759334.705146,200,,https://www.kayak.com/flights?fid=&adults=1&cabin=e&oneway=y&depart_date=11%2F20%2F2025&depart_time=a&origincode=SFO%2F13852&origin=SFO&destcode=NRT%2F21033&destination=NRT&action=doflights&errorOccurred=true,1,False,synthetic_kayak_dates,REPLACE,synthetic_pattern: synthetic_kayak_dates
https://www.kayak.com/flights/JFK-LHR/2025-12-15,TRANSACTIONAL_COMPARISON,operator-via-claude,1777759334.700096,200,,https://www.kayak.com/flights?fid=&adults=1&cabin=e&oneway=y&depart_date=12%2F15%2F2025&depart_time=a&origincode=JFK%2F15830&origin=JFK&destcode=LHR%2F28501&destination=LHR&action=doflights&errorOccurred=true,1,False,synthetic_kayak_dates,REPLACE,synthetic_pattern: synthetic_kayak_dates
https://www.kayak.com/hotels,TRANSACTIONAL_COMPARISON,operator-via-claude,1777759334.695539,200,,https://www.kayak.com/hotels,0,False,,KEEP,http_200
https://www.kayak.com/flights,TRANSACTIONAL_COMPARISON,operator-via-claude,1777759334.6901262,200,,https://www.kayak.com/flights,0,False,,KEEP,http_200
https://www.kayak.com/,TRANSACTIONAL_COMPARISON,operator-via-claude,1777759334.6852322,200,,https://www.kayak.com/,0,False,,KEEP,http_200
https://www.kayak.com/business,TRANSACTIONAL_COMPARISON,operator-via-claude,1777759334.680041,200,,https://www.kayak.com/business/,1,False,,KEEP,http_200
https://www.nytimes.com/wirecutter/reviews/best-mileage-credit-cards/,INFORMATION_FORAGING,operator-via-claude,1777759334.675224,404,,https://www.nytimes.com/wirecutter/reviews/best-mileage-credit-cards/,0,False,,REPLACE,http_404 (page not found)
https://www.nytimes.com/wirecutter/reviews/best-airline-credit-cards/,INFORMATION_FORAGING,operator-via-claude,1777759334.6701891,404,,https://www.nytimes.com/wirecutter/reviews/best-airline-credit-cards/,0,False,,REPLACE,http_404 (page not found)
https://www.nytimes.com/wirecutter/reviews/best-travel-credit-cards/,INFORMATION_FORAGING,operator-via-claude,1777759334.6652532,404,,https://www.nytimes.com/wirecutter/reviews/best-travel-credit-cards/,0,False,,REPLACE,http_404 (page not found)
https://www.nytimes.com/wirecutter/reviews/best-electric-toothbrush/,INFORMATION_FORAGING,operator-via-claude,1777759334.660071,200,,https://www.nytimes.com/wirecutter/reviews/best-electric-toothbrush/,0,False,,KEEP,http_200
https://www.nytimes.com/wirecutter/reviews/best-online-savings-account/,INFORMATION_FORAGING,operator-via-claude,1777759334.655218,404,,https://www.nytimes.com/wirecutter/reviews/best-online-savings-account/,0,False,,REPLACE,http_404 (page not found)
https://www.nytimes.com/wirecutter/reviews/best-carry-on-luggage/,INFORMATION_FORAGING,operator-via-claude,1777759334.650552,200,,https://www.nytimes.com/wirecutter/reviews/best-carry-on-luggage/,0,False,,KEEP,http_200
https://www.nytimes.com/wirecutter/reviews/best-business-insurance/,INFORMATION_FORAGING,operator-via-claude,1777759334.645272,404,,https://www.nytimes.com/wirecutter/reviews/best-business-insurance/,0,False,,REPLACE,http_404 (page not found)
https://www.nytimes.com/wirecutter/reviews/best-business-checking-account/,INFORMATION_FORAGING,operator-via-claude,1777759334.640051,404,,https://www.nytimes.com/wirecutter/reviews/best-business-checking-account/,0,False,,REPLACE,http_404 (page not found)
https://www.nytimes.com/wirecutter/reviews/best-business-class-flights/,INFORMATION_FORAGING,operator-via-claude,1777759334.635222,404,,https://www.nytimes.com/wirecutter/reviews/best-business-class-flights/,0,False,,REPLACE,http_404 (page not found)
https://www.nytimes.com/wirecutter/reviews/best-business-laptops/,INFORMATION_FORAGING,operator-via-claude,1777759334.630421,200,,https://www.nytimes.com/wirecutter/reviews/best-business-laptops/,0,False,,KEEP,http_200
https://www.concur.com/blog/article/automating-expense-reports,INFORMATION_FORAGING,operator-via-claude,1777759334.6251788,404,,https://www.concur.com/blog/article/automating-expense-reports?&cookie_preferences=cpra,1,False,,REPLACE,http_404 (page not found)
https://www.expensify.com/blog/automate-expense-management,INFORMATION_FORAGING,operator-via-claude,1777759334.6201138,404,,https://www.expensify.com/blog/automate-expense-management,0,False,,REPLACE,http_404 (page not found)
https://www.expensify.com/blog/expense-policy-template,INFORMATION_FORAGING,operator-via-claude,1777759334.615176,404,,https://www.expensify.com/blog/expense-policy-template,0,False,,REPLACE,http_404 (page not found)
https://www.bloomberg.com/markets/economic-calendar,INFORMATION_FORAGING,operator-via-claude,1777759334.6100328,403,,https://www.bloomberg.com/markets/economic-calendar,0,False,,REVIEW,http_403 (auth/anti-bot — verify by hand)
https://skift.com/2025/03/06/marriott-bonvoy-business-membership/,INFORMATION_FORAGING,operator-via-claude,1777759334.6052248,404,,https://skift.com/2025/03/06/marriott-bonvoy-business-membership/,0,False,,REPLACE,http_404 (page not found)
https://skift.com/2025/02/14/expedia-business-travel-vrbo/,INFORMATION_FORAGING,operator-via-claude,1777759334.600126,404,,https://skift.com/2025/02/14/expedia-business-travel-vrbo/,0,False,,REPLACE,http_404 (page not found)
https://skift.com/business-travel/,INFORMATION_FORAGING,operator-via-claude,1777759334.595383,200,,https://skift.com/business-travel/,0,False,,KEEP,http_200
https://www.expensify.com/business-travel,INFORMATION_FORAGING,operator-via-claude,1777759334.586195,404,,https://www.expensify.com/business-travel,0,False,,REPLACE,http_404 (page not found)
https://www.concur.com/integrations/booking-com-for-business,INFORMATION_FORAGING,operator-via-claude,1777759334.5810308,404,,https://www.concur.com/integrations/booking-com-for-business?&cookie_preferences=cpra,1,False,,REPLACE,http_404 (page not found)
https://www.concur.com/blog/article/duty-of-care-business-travelers,INFORMATION_FORAGING,operator-via-claude,1777759334.5762508,404,,https://www.concur.com/blog/article/duty-of-care-business-travelers?&cookie_preferences=cpra,1,False,,REPLACE,http_404 (page not found)
https://www.concur.com/business-needs,INFORMATION_FORAGING,operator-via-claude,1777759334.571073,404,,https://www.concur.com/business-needs?&cookie_preferences=cpra,1,False,,REPLACE,http_404 (page not found)
https://www.reddit.com/r/digitalnomad/comments/best-coworking-spaces-tokyo/,INFORMATION_FORAGING,operator-via-claude,1777759334.5662432,200,,https://www.reddit.com/r/digitalnomad/comments/best-coworking-spaces-tokyo/,0,False,,KEEP,http_200
https://www.reddit.com/r/businesstravel/comments/best-corporate-card-2026/,INFORMATION_FORAGING,operator-via-claude,1777759334.561111,200,,https://www.reddit.com/r/businesstravel/comments/best-corporate-card-2026/,0,False,,KEEP,http_200
https://www.reddit.com/r/businesstravel/comments/black-car-vs-uber-recap/,INFORMATION_FORAGING,operator-via-claude,1777759334.5563562,200,,https://www.reddit.com/r/businesstravel/comments/black-car-vs-uber-recap/,0,False,,KEEP,http_200
https://www.kayak.com/news/best-business-class-deals/,INFORMATION_FORAGING,operator-via-claude,1777759334.550297,404,,https://www.kayak.com/errors/404,1,False,,REPLACE,http_404 (page not found)
https://www.reddit.com/r/businesstravel/comments/concur-tips-power-users/,INFORMATION_FORAGING,operator-via-claude,1777759334.5048919,200,,https://www.reddit.com/r/businesstravel/comments/concur-tips-power-users/,0,False,,KEEP,http_200
https://www.businessinsider.com/lifestyle/transportation/business-class-flight-deals,INFORMATION_FORAGING,operator-via-claude,1777759334.497893,404,,https://www.businessinsider.com/lifestyle/transportation/business-class-flight-deals,0,False,,REPLACE,http_404 (page not found)
https://www.kayak.com/news/airline-fees-comparison/,INFORMATION_FORAGING,operator-via-claude,1777759334.486146,404,,https://www.kayak.com/errors/404,1,False,,REPLACE,http_404 (page not found)
https://www.nerdwallet.com/best/credit-cards/business,TRANSACTIONAL_COMPARISON,operator-via-claude,1777753754.820849,404,,https://www.nerdwallet.com/best/credit-cards/business,0,False,,REPLACE,http_404 (page not found)
https://www.trustpilot.com/categories/transportation,TRANSACTIONAL_COMPARISON,operator-via-claude,1777753754.315058,403,,https://www.trustpilot.com/categories/transportation,0,False,,REVIEW,http_403 (auth/anti-bot — verify by hand)
https://www.glassdoor.com/Reviews/index.htm,INFORMATION_FORAGING,operator-via-claude,1777753753.800066,403,,https://www.glassdoor.com/Reviews/index.htm,0,False,,REVIEW,http_403 (auth/anti-bot — verify by hand)
https://www.kayak.com/cars,TRANSACTIONAL_COMPARISON,operator-via-claude,1777753753.28983,200,,https://www.kayak.com/cars,0,False,,KEEP,http_200
https://www.reddit.com/r/business/,SOCIAL_CONSUMPTION,operator-via-claude,1777753752.777272,200,,https://www.reddit.com/r/business/,0,False,,KEEP,http_200
https://www.bbc.com/news,SOCIAL_CONSUMPTION,operator-via-claude,1777753752.270731,200,,https://www.bbc.com/news,0,False,,KEEP,http_200
https://news.ycombinator.com/,SOCIAL_CONSUMPTION,operator-via-claude,1777753751.7485828,200,,https://news.ycombinator.com/,0,False,,KEEP,http_200
https://www.linkedin.com/feed/,INFORMATION_FORAGING,operator-via-claude,1777753751.2170439,200,,https://www.linkedin.com/uas/login?session_redirect=https%3A%2F%2Fwww.linkedin.com%2Ffeed%2F,1,False,,KEEP,http_200
https://www.architecturaldigest.com/story/celebrity-homes,LEISURE_BROWSING,operator-via-claude,1777753750.712298,404,,https://www.architecturaldigest.com/story/celebrity-homes,0,False,,REPLACE,http_404 (page not found)
https://www.bonappetit.com/recipes,LEISURE_BROWSING,operator-via-claude,1777753750.191329,200,,https://www.bonappetit.com/recipes,0,False,,KEEP,http_200
https://www.travelandleisure.com/world-best-awards,LEISURE_BROWSING,operator-via-claude,1777753733.258867,404,,https://www.travelandleisure.com/world-best-awards,0,False,,REPLACE,http_404 (page not found)
https://www.eater.com/maps/best-restaurants-new-york-city,LEISURE_BROWSING,operator-via-claude,1777753732.716823,404,,https://www.eater.com/maps/best-restaurants-new-york-city,0,False,,REPLACE,http_404 (page not found)
https://app.asana.com/0/inbox,TASK_COMPLETION,operator-via-claude,1777753732.214828,400,,https://app.asana.com/-/login?u=%2F0%2Finbox,1,True,,REPLACE,saas_interior_subdomain (not in bid stream)
https://www.concur.com/en-us/expense-management,TASK_COMPLETION,operator-via-claude,1777753731.7014232,200,,https://www.concur.com/products/concur-expense?cookie_preferences=cpra,3,False,,KEEP,http_200
https://www.expensify.com/expense-reports,TASK_COMPLETION,operator-via-claude,1777753731.198282,404,,https://www.expensify.com/expense-reports,0,False,,REPLACE,http_404 (page not found)
https://calendar.google.com/calendar/u/0/r,TASK_COMPLETION,operator-via-claude,1777753730.680494,200,,https://workspace.google.com/intl/en-US/products/calendar/,2,True,,REPLACE,saas_interior_subdomain (not in bid stream)
https://www.investopedia.com/articles/investing/best-online-brokers.asp,INFORMATION_FORAGING,operator-via-claude,1777753730.166361,404,,https://www.investopedia.com/articles/investing/best-online-brokers.asp,0,False,,REPLACE,http_404 (page not found)
https://www.consumerreports.org/cars/new-cars/,INFORMATION_FORAGING,operator-via-claude,1777753729.6485991,200,,https://www.consumerreports.org/cars/car-research/,1,False,,KEEP,http_200
https://thepointsguy.com/credit-cards/business/best-business-credit-cards/,INFORMATION_FORAGING,operator-via-claude,1777753729.1359801,200,,https://thepointsguy.com/credit-cards/best-business-credit-cards/,1,False,,KEEP,http_200
https://www.nytimes.com/wirecutter/reviews/best-electric-cars/,INFORMATION_FORAGING,operator-via-claude,1777753728.513738,404,,https://www.nytimes.com/wirecutter/reviews/best-electric-cars/,0,False,,REPLACE,http_404 (page not found)
